{
  "project_info": {
    "project_number": "163556543686",
    "project_id": "myasset-cd1a0",
    "storage_bucket": "myasset-cd1a0.appspot.com"
  },
  "client": [
    {
      "client_info": {
        "mobilesdk_app_id": "1:163556543686:android:3169e84428329015941bc7",
        "android_client_info": {
          "package_name": "com.example.myasset"
        }
      },
      "oauth_client": [],
      "api_key": [
        {
          "current_key": "AIzaSyA7Oxd5D9-Xg-y3Hu5QOJa6Hl5RicxIkCE"
        }
      ],
      "services": {
        "appinvite_service": {
          "other_platform_oauth_client": []
        }
      }
    }
  ],
  "configuration_version": "1"
}